{
    "segments": [
        {
            "seg_id": "docx_s1",
            "page": "docx",
            "section": "highlight",
            "text_preview": "SAC but are part of the target population (once va"
        },
        {
            "seg_id": "docx_s2",
            "page": "docx",
            "section": "highlight",
            "text_preview": "If a respondent does not want to complete the"
        },
        {
            "seg_id": "docx_s3",
            "page": "docx",
            "section": "highlight",
            "text_preview": "survey by phone the interviewer can providing them"
        },
        {
            "seg_id": "docx_s4",
            "page": "docx",
            "section": "highlight",
            "text_preview": "The CACM will take place in Iqaluit, Rankin Inlet "
        },
        {
            "seg_id": "docx_s5",
            "page": "docx",
            "section": "highlight",
            "text_preview": "Respondents will be provided with laptops, and the"
        },
        {
            "seg_id": "docx_s6",
            "page": "docx",
            "section": "highlight",
            "text_preview": "See below for further details about the Alternate "
        },
        {
            "seg_id": "docx_s7",
            "page": "docx",
            "section": "highlight",
            "text_preview": "Any other edits in the NGES are \u201csoft edits\u201d."
        },
        {
            "seg_id": "docx_s8",
            "page": "docx",
            "section": "highlight",
            "text_preview": "Most of these edits are application non-response e"
        },
        {
            "seg_id": "docx_s9",
            "page": "docx",
            "section": "highlight",
            "text_preview": "They will be triggered if a question is left blank"
        },
        {
            "seg_id": "docx_s10",
            "page": "docx",
            "section": "highlight",
            "text_preview": "These edits can be passed by clicking \u2018next\u2019 witho"
        },
        {
            "seg_id": "docx_s11",
            "page": "docx",
            "section": "highlight",
            "text_preview": "The Nunavut Government Employee Survey (NGES) is a"
        },
        {
            "seg_id": "docx_s12",
            "page": "docx",
            "section": "highlight",
            "text_preview": "The 2026 survey is conducted by Statistics Canada "
        },
        {
            "seg_id": "docx_s13",
            "page": "docx",
            "section": "highlight",
            "text_preview": "It was developed in collaboration with Nunavut Tun"
        },
        {
            "seg_id": "docx_s14",
            "page": "docx",
            "section": "highlight",
            "text_preview": "The NGES allows employees to share their experienc"
        },
        {
            "seg_id": "docx_s15",
            "page": "docx",
            "section": "highlight",
            "text_preview": "The results of the survey will allow the Governmen"
        },
        {
            "seg_id": "docx_s16",
            "page": "docx",
            "section": "highlight",
            "text_preview": "The results may help governments and Inuit organiz"
        },
        {
            "seg_id": "docx_s17",
            "page": "docx",
            "section": "highlight",
            "text_preview": "The information will be used for the Nunavut Inuit"
        },
        {
            "seg_id": "docx_s18",
            "page": "docx",
            "section": "highlight",
            "text_preview": "New Collection strategy"
        },
        {
            "seg_id": "docx_s19",
            "page": "docx",
            "section": "highlight",
            "text_preview": "As was the case for the 2021 NGES, the Electronic "
        },
        {
            "seg_id": "docx_s20",
            "page": "docx",
            "section": "highlight",
            "text_preview": "In addition, for 2026 NGES, an anonymous link (ref"
        },
        {
            "seg_id": "docx_s21",
            "page": "docx",
            "section": "highlight",
            "text_preview": "rEQ and the Alternate NGES link are available thro"
        },
        {
            "seg_id": "docx_s22",
            "page": "docx",
            "section": "highlight",
            "text_preview": "CATI (iEQ \u2013 Interviewer Electronic Questionnaire):"
        },
        {
            "seg_id": "docx_s23",
            "page": "docx",
            "section": "highlight",
            "text_preview": "Telephone interviews are introduced for the first "
        },
        {
            "seg_id": "docx_s24",
            "page": "docx",
            "section": "highlight",
            "text_preview": "For this type of collection mode, which we refer t"
        },
        {
            "seg_id": "docx_s25",
            "page": "docx",
            "section": "highlight",
            "text_preview": "CATI DCC\u2019s will also have a secondary responsibili"
        },
        {
            "seg_id": "docx_s26",
            "page": "docx",
            "section": "highlight",
            "text_preview": "If a respondent does not want to complete the surv"
        },
        {
            "seg_id": "docx_s27",
            "page": "docx",
            "section": "highlight",
            "text_preview": "Centralized Assisted Collection Method (CACM)"
        },
        {
            "seg_id": "docx_s28",
            "page": "docx",
            "section": "highlight",
            "text_preview": "For the 2026 NGES, a Centralized Assisted Collecti"
        },
        {
            "seg_id": "docx_s29",
            "page": "docx",
            "section": "highlight",
            "text_preview": "This collection method has been introduced as the "
        },
        {
            "seg_id": "docx_s30",
            "page": "docx",
            "section": "highlight",
            "text_preview": "For this collection method, interviewers will have"
        },
        {
            "seg_id": "docx_s31",
            "page": "docx",
            "section": "highlight",
            "text_preview": "At the CACM location, interviewers will be availab"
        },
        {
            "seg_id": "docx_s32",
            "page": "docx",
            "section": "highlight",
            "text_preview": "Laptops and internet will be made available for re"
        },
        {
            "seg_id": "docx_s33",
            "page": "docx",
            "section": "highlight",
            "text_preview": "The Alternate NGES link is provided to the respond"
        },
        {
            "seg_id": "docx_s34",
            "page": "docx",
            "section": "highlight",
            "text_preview": "Validation procedure is as follows:"
        },
        {
            "seg_id": "docx_s35",
            "page": "docx",
            "section": "highlight",
            "text_preview": "The StatCan interviewer will determine if a respon"
        },
        {
            "seg_id": "docx_s36",
            "page": "docx",
            "section": "highlight",
            "text_preview": "Then, the interviewer will confirm they have ident"
        },
        {
            "seg_id": "docx_s37",
            "page": "docx",
            "section": "highlight",
            "text_preview": "If they are matched on the frame, they will be pro"
        },
        {
            "seg_id": "docx_s38",
            "page": "docx",
            "section": "highlight",
            "text_preview": "If they do not appear on the frame, they will be e"
        },
        {
            "seg_id": "docx_s39",
            "page": "docx",
            "section": "highlight",
            "text_preview": "They are current employees of the GN and GC whose "
        },
        {
            "seg_id": "docx_s40",
            "page": "docx",
            "section": "highlight",
            "text_preview": "They do not already have a secure access code (SAC"
        },
        {
            "seg_id": "docx_s41",
            "page": "docx",
            "section": "highlight",
            "text_preview": "The interviewer can use the Alternate NGES link to"
        },
        {
            "seg_id": "docx_s42",
            "page": "docx",
            "section": "highlight",
            "text_preview": "In situations where the respondent calls the CATI "
        },
        {
            "seg_id": "docx_s43",
            "page": "docx",
            "section": "highlight",
            "text_preview": "For the CACM location, the interviewer can provide"
        },
        {
            "seg_id": "docx_s44",
            "page": "docx",
            "section": "highlight",
            "text_preview": "The first 7 questions of the questionnaire will de"
        },
        {
            "seg_id": "docx_s45",
            "page": "docx",
            "section": "highlight",
            "text_preview": ")."
        },
        {
            "seg_id": "docx_s46",
            "page": "docx",
            "section": "highlight",
            "text_preview": "If the respondent selects \u201cI am no longer employed"
        },
        {
            "seg_id": "docx_s47",
            "page": "docx",
            "section": "highlight",
            "text_preview": "New questions"
        },
        {
            "seg_id": "docx_s48",
            "page": "docx",
            "section": "highlight",
            "text_preview": "New questions inquire about staff housing, mental "
        },
        {
            "seg_id": "docx_s49",
            "page": "docx",
            "section": "highlight",
            "text_preview": "Confirmation screens"
        },
        {
            "seg_id": "docx_s50",
            "page": "docx",
            "section": "highlight",
            "text_preview": "For the 2026 NGES we have added a confirmation scr"
        },
        {
            "seg_id": "docx_s51",
            "page": "docx",
            "section": "highlight",
            "text_preview": "The confirmation screen will allow the respondent "
        },
        {
            "seg_id": "docx_s52",
            "page": "docx",
            "section": "highlight",
            "text_preview": "If they press Previous, they can correct their res"
        },
        {
            "seg_id": "docx_s53",
            "page": "docx",
            "section": "highlight",
            "text_preview": "If they press Next to confirm the response, they w"
        },
        {
            "seg_id": "docx_s54",
            "page": "docx",
            "section": "highlight",
            "text_preview": "Question 3 \u201cWhat is your date of birth\u201d \u2013 if the d"
        },
        {
            "seg_id": "docx_s55",
            "page": "docx",
            "section": "highlight",
            "text_preview": "Question 4 \u201cWhat is your age group\u201d \u2013 if the respo"
        },
        {
            "seg_id": "docx_s56",
            "page": "docx",
            "section": "highlight",
            "text_preview": "Question 7 \u201cWho is your current territorial or fed"
        },
        {
            "seg_id": "docx_s57",
            "page": "docx",
            "section": "highlight",
            "text_preview": "If the respondent is sent to the end of the survey"
        },
        {
            "seg_id": "docx_s58",
            "page": "docx",
            "section": "highlight",
            "text_preview": "Once they hit submit, they will exit the survey."
        },
        {
            "seg_id": "docx_s59",
            "page": "docx",
            "section": "highlight",
            "text_preview": "This survey will collect data from all current Gov"
        },
        {
            "seg_id": "docx_s60",
            "page": "docx",
            "section": "highlight",
            "text_preview": "Questions will be asked about their experiences in"
        },
        {
            "seg_id": "docx_s61",
            "page": "docx",
            "section": "highlight",
            "text_preview": "The information will be used to inform the Nunavut"
        },
        {
            "seg_id": "docx_s62",
            "page": "docx",
            "section": "highlight",
            "text_preview": "Results from the NGES are used by governments and "
        },
        {
            "seg_id": "docx_s63",
            "page": "docx",
            "section": "highlight",
            "text_preview": "A detailed analysis of the 2026 NGES will be incor"
        },
        {
            "seg_id": "docx_s64",
            "page": "docx",
            "section": "highlight",
            "text_preview": "Interviewer time should be charged to the followin"
        },
        {
            "seg_id": "docx_s65",
            "page": "docx",
            "section": "highlight",
            "text_preview": "The target response rate for the 2026 NGES is 45%."
        },
        {
            "seg_id": "docx_s66",
            "page": "docx",
            "section": "highlight",
            "text_preview": "The NGES is voluntary and is collected under the v"
        },
        {
            "seg_id": "docx_s67",
            "page": "docx",
            "section": "highlight",
            "text_preview": "Interview length varies but on average will take 3"
        },
        {
            "seg_id": "docx_s68",
            "page": "docx",
            "section": "highlight",
            "text_preview": "Total sample size is expected to be 7,500 cases."
        },
        {
            "seg_id": "docx_s69",
            "page": "docx",
            "section": "highlight",
            "text_preview": "The target population for the NGES includes curren"
        },
        {
            "seg_id": "docx_s70",
            "page": "docx",
            "section": "highlight",
            "text_preview": "The survey population for the Government of Nunavu"
        },
        {
            "seg_id": "docx_s71",
            "page": "docx",
            "section": "highlight",
            "text_preview": "For the Government of Canada, administrative files"
        },
        {
            "seg_id": "docx_s72",
            "page": "docx",
            "section": "highlight",
            "text_preview": "Statistics Canada has signed an agreement with Nun"
        },
        {
            "seg_id": "docx_s73",
            "page": "docx",
            "section": "highlight",
            "text_preview": "No identifiable information such as respondents\u2019 n"
        },
        {
            "seg_id": "docx_s74",
            "page": "docx",
            "section": "highlight",
            "text_preview": "NTI and the NBS have agreed to keep this informati"
        },
        {
            "seg_id": "docx_s75",
            "page": "docx",
            "section": "highlight",
            "text_preview": "The information will be used to inform the Nunavut"
        },
        {
            "seg_id": "docx_s76",
            "page": "docx",
            "section": "highlight",
            "text_preview": "This section presents the list of non-official lan"
        },
        {
            "seg_id": "docx_s77",
            "page": "docx",
            "section": "highlight",
            "text_preview": "The EQ is available in Inuktitut (South Baffin dia"
        },
        {
            "seg_id": "docx_s78",
            "page": "docx",
            "section": "highlight",
            "text_preview": "Introductory letters (emails and reminders) and pr"
        },
        {
            "seg_id": "docx_s79",
            "page": "docx",
            "section": "highlight",
            "text_preview": "The table below presents the various dates for the"
        },
        {
            "seg_id": "docx_s80",
            "page": "docx",
            "section": "highlight",
            "text_preview": "Nunavut Government Employee Survey will be collect"
        },
        {
            "seg_id": "docx_s81",
            "page": "docx",
            "section": "highlight",
            "text_preview": "Self-enumeration (rEQ \u2013 Respondent Electronic Ques"
        },
        {
            "seg_id": "docx_s82",
            "page": "docx",
            "section": "highlight",
            "text_preview": "CATI collection (iEQ \u2013 Interviewer Electronic Ques"
        },
        {
            "seg_id": "docx_s83",
            "page": "docx",
            "section": "highlight",
            "text_preview": "Centralized assisted collection method through the"
        },
        {
            "seg_id": "docx_s84",
            "page": "docx",
            "section": "highlight",
            "text_preview": "More specifically, the collection strategy is a co"
        },
        {
            "seg_id": "docx_s85",
            "page": "docx",
            "section": "highlight",
            "text_preview": "CATI interviewers will also have a secondary respo"
        },
        {
            "seg_id": "docx_s86",
            "page": "docx",
            "section": "highlight",
            "text_preview": "Answer"
        },
        {
            "seg_id": "docx_s87",
            "page": "docx",
            "section": "highlight",
            "text_preview": "What is the Alternate NGES link?"
        },
        {
            "seg_id": "docx_s88",
            "page": "docx",
            "section": "highlight",
            "text_preview": "The Alternate NGES link is an EQ available in Engl"
        },
        {
            "seg_id": "docx_s89",
            "page": "docx",
            "section": "highlight",
            "text_preview": "It\u2019s a mode of collection known internally at STC "
        },
        {
            "seg_id": "docx_s90",
            "page": "docx",
            "section": "highlight",
            "text_preview": "What is the Centralized Assisted Collection Method"
        },
        {
            "seg_id": "docx_s91",
            "page": "docx",
            "section": "highlight",
            "text_preview": "The CACM refers to designated locations in Nunavut"
        },
        {
            "seg_id": "docx_s92",
            "page": "docx",
            "section": "highlight",
            "text_preview": "Statistics Canada interviewers will be present at "
        },
        {
            "seg_id": "docx_s93",
            "page": "docx",
            "section": "highlight",
            "text_preview": "Why do we need the Alternate NGES link and how wil"
        },
        {
            "seg_id": "docx_s94",
            "page": "docx",
            "section": "highlight",
            "text_preview": "The NGES is a Census of all Government of Nunavut "
        },
        {
            "seg_id": "docx_s95",
            "page": "docx",
            "section": "highlight",
            "text_preview": "The Alternate NGES link was introduced in order to"
        },
        {
            "seg_id": "docx_s96",
            "page": "docx",
            "section": "highlight",
            "text_preview": "If an individual has not received a SAC and believ"
        },
        {
            "seg_id": "docx_s97",
            "page": "docx",
            "section": "highlight",
            "text_preview": "The CATI agent will first validate their informati"
        },
        {
            "seg_id": "docx_s98",
            "page": "docx",
            "section": "highlight",
            "text_preview": "If the CATI agent can find the individual in their"
        },
        {
            "seg_id": "docx_s99",
            "page": "docx",
            "section": "highlight",
            "text_preview": "Not all individuals on the survey frame have an em"
        },
        {
            "seg_id": "docx_s100",
            "page": "docx",
            "section": "highlight",
            "text_preview": "If the CATI agent is unable to find the individual"
        },
        {
            "seg_id": "docx_s101",
            "page": "docx",
            "section": "highlight",
            "text_preview": "Individuals can also present themselves at a CACM "
        },
        {
            "seg_id": "docx_s102",
            "page": "docx",
            "section": "highlight",
            "text_preview": "Why do we need CACM?"
        },
        {
            "seg_id": "docx_s103",
            "page": "docx",
            "section": "highlight",
            "text_preview": "The CACM will provide survey participants with a c"
        },
        {
            "seg_id": "docx_s104",
            "page": "docx",
            "section": "highlight",
            "text_preview": "Interviewers will be available to help survey part"
        },
        {
            "seg_id": "docx_s105",
            "page": "docx",
            "section": "highlight",
            "text_preview": "If survey participants do not have a SAC and the i"
        },
        {
            "seg_id": "docx_s106",
            "page": "docx",
            "section": "highlight",
            "text_preview": "How will the Alternate NGES link be promoted?"
        },
        {
            "seg_id": "docx_s107",
            "page": "docx",
            "section": "highlight",
            "text_preview": "The Alternate NGES link will only be shared by Sta"
        },
        {
            "seg_id": "docx_s108",
            "page": "docx",
            "section": "highlight",
            "text_preview": "However, in order to promote the survey and reach "
        },
        {
            "seg_id": "docx_s109",
            "page": "docx",
            "section": "highlight",
            "text_preview": "These communications materials will inform the res"
        },
        {
            "seg_id": "docx_s110",
            "page": "docx",
            "section": "highlight",
            "text_preview": "If respondents do not have a SAC and the interview"
        },
        {
            "seg_id": "docx_s111",
            "page": "docx",
            "section": "highlight",
            "text_preview": "How will the StatCan interviewer decide if an empl"
        },
        {
            "seg_id": "docx_s112",
            "page": "docx",
            "section": "highlight",
            "text_preview": "The StatCan interviewer will determine if a respon"
        },
        {
            "seg_id": "docx_s113",
            "page": "docx",
            "section": "highlight",
            "text_preview": "Then, the interviewer will confirm they have ident"
        },
        {
            "seg_id": "docx_s114",
            "page": "docx",
            "section": "highlight",
            "text_preview": "If they are matched on the frame, they will be pro"
        },
        {
            "seg_id": "docx_s115",
            "page": "docx",
            "section": "highlight",
            "text_preview": "If they do not appear on the frame, they will be e"
        },
        {
            "seg_id": "docx_s116",
            "page": "docx",
            "section": "highlight",
            "text_preview": "They are current employees of the GN and GC whose "
        },
        {
            "seg_id": "docx_s117",
            "page": "docx",
            "section": "highlight",
            "text_preview": "They do not already have a SAC"
        },
        {
            "seg_id": "docx_s118",
            "page": "docx",
            "section": "highlight",
            "text_preview": "The interviewer can use the Alternate NGES link to"
        },
        {
            "seg_id": "docx_s119",
            "page": "docx",
            "section": "highlight",
            "text_preview": "In situations where the respondent calls the CATI "
        },
        {
            "seg_id": "docx_s120",
            "page": "docx",
            "section": "highlight",
            "text_preview": "For the CACM location, the interviewer can provide"
        },
        {
            "seg_id": "docx_s121",
            "page": "docx",
            "section": "highlight",
            "text_preview": "The first 7 questions of the questionnaire will de"
        },
        {
            "seg_id": "docx_s122",
            "page": "docx",
            "section": "highlight",
            "text_preview": ": What is your name?, What is your gender?, What i"
        },
        {
            "seg_id": "docx_s123",
            "page": "docx",
            "section": "highlight",
            "text_preview": ")."
        },
        {
            "seg_id": "docx_s124",
            "page": "docx",
            "section": "highlight",
            "text_preview": "If the respondent selects \u201cI am no longer employed"
        },
        {
            "seg_id": "docx_s125",
            "page": "docx",
            "section": "highlight",
            "text_preview": "Do participants who are eligible to fill out the s"
        },
        {
            "seg_id": "docx_s126",
            "page": "docx",
            "section": "highlight",
            "text_preview": "StatCan\u2019s preference is for the interviewer to fil"
        },
        {
            "seg_id": "docx_s127",
            "page": "docx",
            "section": "highlight",
            "text_preview": "This will ensure that the survey gets completed on"
        },
        {
            "seg_id": "docx_s128",
            "page": "docx",
            "section": "highlight",
            "text_preview": "Most StatCan surveys do not have an Alternate NGES"
        },
        {
            "seg_id": "docx_s129",
            "page": "docx",
            "section": "highlight",
            "text_preview": "Typically, an interviewer would not go off their C"
        },
        {
            "seg_id": "docx_s130",
            "page": "docx",
            "section": "highlight",
            "text_preview": "Participants will be given this option for the NGE"
        },
        {
            "seg_id": "docx_s131",
            "page": "docx",
            "section": "highlight",
            "text_preview": "What are some reasons an eligible employee may not"
        },
        {
            "seg_id": "docx_s132",
            "page": "docx",
            "section": "highlight",
            "text_preview": "There are several reasons that an employee may not"
        },
        {
            "seg_id": "docx_s133",
            "page": "docx",
            "section": "highlight",
            "text_preview": "They were not included in their department\u2019s Human"
        },
        {
            "seg_id": "docx_s134",
            "page": "docx",
            "section": "highlight",
            "text_preview": "They may not be in the Human Resources System beca"
        },
        {
            "seg_id": "docx_s135",
            "page": "docx",
            "section": "highlight",
            "text_preview": "They moved workplaces around the time the employee"
        },
        {
            "seg_id": "docx_s136",
            "page": "docx",
            "section": "highlight",
            "text_preview": "They do not have a work email or are unable to acc"
        },
        {
            "seg_id": "docx_s137",
            "page": "docx",
            "section": "highlight",
            "text_preview": "The communication strategy will include survey pro"
        },
        {
            "seg_id": "docx_s138",
            "page": "docx",
            "section": "highlight",
            "text_preview": "[All social media is reviewed by Communications Di"
        },
        {
            "seg_id": "docx_s139",
            "page": "docx",
            "section": "highlight",
            "text_preview": "The Nunavut Government Employee Survey (NGES) is a"
        },
        {
            "seg_id": "docx_s140",
            "page": "docx",
            "section": "highlight",
            "text_preview": "The 2026 survey is conducted by Statistics Canada "
        },
        {
            "seg_id": "docx_s141",
            "page": "docx",
            "section": "highlight",
            "text_preview": "It was developed in collaboration with Nunavut Tun"
        },
        {
            "seg_id": "docx_s142",
            "page": "docx",
            "section": "highlight",
            "text_preview": "The 2026 NGES is the third cycle of this survey."
        },
        {
            "seg_id": "docx_s143",
            "page": "docx",
            "section": "highlight",
            "text_preview": "The first was completed in 2016 and second in 2021"
        },
        {
            "seg_id": "docx_s144",
            "page": "docx",
            "section": "highlight",
            "text_preview": "The NGES asks questions about experiences in the w"
        },
        {
            "seg_id": "docx_s145",
            "page": "docx",
            "section": "highlight",
            "text_preview": "The survey data will be used to inform the Nunavut"
        },
        {
            "seg_id": "docx_s146",
            "page": "docx",
            "section": "highlight",
            "text_preview": "Where can I find results of the 2026 NGES?"
        },
        {
            "seg_id": "docx_s147",
            "page": "docx",
            "section": "highlight",
            "text_preview": "Statistics Canada will publish highlights of the r"
        },
        {
            "seg_id": "docx_s148",
            "page": "docx",
            "section": "highlight",
            "text_preview": "A microdata file will be made available in 2027."
        },
        {
            "seg_id": "docx_s149",
            "page": "docx",
            "section": "highlight",
            "text_preview": "An announcement will appear on Statistics Canada\u2019s"
        },
        {
            "seg_id": "docx_s150",
            "page": "docx",
            "section": "highlight",
            "text_preview": "In addition, results will be incorporated into fut"
        },
        {
            "seg_id": "docx_s151",
            "page": "docx",
            "section": "highlight",
            "text_preview": "For further information regarding the NILFA, conta"
        },
        {
            "seg_id": "docx_s152",
            "page": "docx",
            "section": "highlight",
            "text_preview": "The survey collection will take place between Janu"
        },
        {
            "seg_id": "docx_s153",
            "page": "docx",
            "section": "highlight",
            "text_preview": "The NGES will be sent to GN and GC employees whose"
        },
        {
            "seg_id": "docx_s154",
            "page": "docx",
            "section": "highlight",
            "text_preview": "This corresponds to approximately 7,500 employees."
        },
        {
            "seg_id": "docx_s155",
            "page": "docx",
            "section": "highlight",
            "text_preview": "All employees of the Government of Nunavut (GN) an"
        },
        {
            "seg_id": "docx_s156",
            "page": "docx",
            "section": "highlight",
            "text_preview": "Le gouvernement du Nunavut et le gouvernement du C"
        },
        {
            "seg_id": "docx_s157",
            "page": "docx",
            "section": "highlight",
            "text_preview": "Statistique Canada enverra ensuite \u00e0 chacun une in"
        },
        {
            "seg_id": "docx_s158",
            "page": "docx",
            "section": "highlight",
            "text_preview": "What kinds of questions are in the survey?"
        },
        {
            "seg_id": "docx_s159",
            "page": "docx",
            "section": "highlight",
            "text_preview": "The survey includes questions about:"
        },
        {
            "seg_id": "docx_s160",
            "page": "docx",
            "section": "highlight",
            "text_preview": "current and previous government employment"
        },
        {
            "seg_id": "docx_s161",
            "page": "docx",
            "section": "highlight",
            "text_preview": "government housing"
        },
        {
            "seg_id": "docx_s162",
            "page": "docx",
            "section": "highlight",
            "text_preview": "relocating for work"
        },
        {
            "seg_id": "docx_s163",
            "page": "docx",
            "section": "highlight",
            "text_preview": "interview for your current job and overall hiring "
        },
        {
            "seg_id": "docx_s164",
            "page": "docx",
            "section": "highlight",
            "text_preview": "language fluency and languages used at work"
        },
        {
            "seg_id": "docx_s165",
            "page": "docx",
            "section": "highlight",
            "text_preview": "interest in a permanent job"
        },
        {
            "seg_id": "docx_s166",
            "page": "docx",
            "section": "highlight",
            "text_preview": "employment plans"
        },
        {
            "seg_id": "docx_s167",
            "page": "docx",
            "section": "highlight",
            "text_preview": "formal education and employer support"
        },
        {
            "seg_id": "docx_s168",
            "page": "docx",
            "section": "highlight",
            "text_preview": "job-related training"
        },
        {
            "seg_id": "docx_s169",
            "page": "docx",
            "section": "highlight",
            "text_preview": "learning activities at work"
        },
        {
            "seg_id": "docx_s170",
            "page": "docx",
            "section": "highlight",
            "text_preview": "Inuit employment plans (IEPs)"
        },
        {
            "seg_id": "docx_s171",
            "page": "docx",
            "section": "highlight",
            "text_preview": "participation in the hiring process"
        },
        {
            "seg_id": "docx_s172",
            "page": "docx",
            "section": "highlight",
            "text_preview": "mental health in the workplace"
        },
        {
            "seg_id": "docx_s173",
            "page": "docx",
            "section": "highlight",
            "text_preview": "suggestions for increasing Inuit employment in gov"
        },
        {
            "seg_id": "docx_s174",
            "page": "docx",
            "section": "highlight",
            "text_preview": "All current GN and GC employees whose assigned wor"
        },
        {
            "seg_id": "docx_s175",
            "page": "docx",
            "section": "highlight",
            "text_preview": "Indeterminate, term, contract, seasonal, student, "
        },
        {
            "seg_id": "docx_s176",
            "page": "docx",
            "section": "highlight",
            "text_preview": "Employees who are on leave throughout the collecti"
        },
        {
            "seg_id": "docx_s177",
            "page": "docx",
            "section": "highlight",
            "text_preview": "What if I work from a location outside Nunavut?"
        },
        {
            "seg_id": "docx_s178",
            "page": "docx",
            "section": "highlight",
            "text_preview": "You can complete the survey only if you work for t"
        },
        {
            "seg_id": "docx_s179",
            "page": "docx",
            "section": "highlight",
            "text_preview": "You must be working at the time of survey completi"
        },
        {
            "seg_id": "docx_s180",
            "page": "docx",
            "section": "highlight",
            "text_preview": "What if I am a seasonal worker and want to partici"
        },
        {
            "seg_id": "docx_s181",
            "page": "docx",
            "section": "highlight",
            "text_preview": "You can participate in the NGES if you work for th"
        },
        {
            "seg_id": "docx_s182",
            "page": "docx",
            "section": "highlight",
            "text_preview": "You must be working at the time of survey completi"
        },
        {
            "seg_id": "docx_s183",
            "page": "docx",
            "section": "highlight",
            "text_preview": "What if I am on"
        },
        {
            "seg_id": "docx_s184",
            "page": "docx",
            "section": "highlight",
            "text_preview": "parental leave during the collection period?"
        },
        {
            "seg_id": "docx_s185",
            "page": "docx",
            "section": "highlight",
            "text_preview": "You cannot participate in the survey if you are on"
        },
        {
            "seg_id": "docx_s186",
            "page": "docx",
            "section": "highlight",
            "text_preview": "However, you can participate if you are actively w"
        },
        {
            "seg_id": "docx_s187",
            "page": "docx",
            "section": "highlight",
            "text_preview": "Please contact Statistics Canada by telephone at 1"
        },
        {
            "seg_id": "docx_s188",
            "page": "docx",
            "section": "highlight",
            "text_preview": "Service is available in English and French, seven "
        },
        {
            "seg_id": "docx_s189",
            "page": "docx",
            "section": "highlight",
            "text_preview": "We realize that some questions are personal, but k"
        },
        {
            "seg_id": "docx_s190",
            "page": "docx",
            "section": "highlight",
            "text_preview": "Ces r\u00e9ponses sont regroup\u00e9es et servent \u00e0 produire"
        },
        {
            "seg_id": "docx_s191",
            "page": "docx",
            "section": "highlight",
            "text_preview": "Nous ne divulguons aucun renseignement qui permett"
        },
        {
            "seg_id": "docx_s192",
            "page": "docx",
            "section": "highlight",
            "text_preview": "The 2026 NGES questionnaire content was developed "
        },
        {
            "seg_id": "docx_s193",
            "page": "docx",
            "section": "highlight",
            "text_preview": "Members of this collaborative group include repres"
        },
        {
            "seg_id": "docx_s194",
            "page": "docx",
            "section": "highlight",
            "text_preview": "Questionnaires were tested with Government of Nuna"
        },
        {
            "seg_id": "docx_s195",
            "page": "docx",
            "section": "highlight",
            "text_preview": "The NTWG helps Statistics Canada promote the surve"
        },
        {
            "seg_id": "docx_s196",
            "page": "docx",
            "section": "highlight",
            "text_preview": "Once you access the survey online, you will be abl"
        },
        {
            "seg_id": "docx_s197",
            "page": "docx",
            "section": "highlight",
            "text_preview": "The survey is conducted by Statistics Canada and i"
        },
        {
            "seg_id": "docx_s198",
            "page": "docx",
            "section": "highlight",
            "text_preview": "Statistics Canada will publish highlights of the r"
        },
        {
            "seg_id": "docx_s199",
            "page": "docx",
            "section": "highlight",
            "text_preview": "An announcement will appear on Statistics Canada\u2019s"
        },
        {
            "seg_id": "docx_s200",
            "page": "docx",
            "section": "highlight",
            "text_preview": "In addition, results will be incorporated into fut"
        },
        {
            "seg_id": "docx_s201",
            "page": "docx",
            "section": "highlight",
            "text_preview": "For further information regarding the NILFA, conta"
        },
        {
            "seg_id": "docx_s202",
            "page": "docx",
            "section": "highlight",
            "text_preview": "Statistics Canada"
        },
        {
            "seg_id": "docx_s203",
            "page": "docx",
            "section": "highlight",
            "text_preview": "Telephone: 1-877-949-9492 (English and French)"
        },
        {
            "seg_id": "docx_s204",
            "page": "docx",
            "section": "highlight",
            "text_preview": "Email: infostats@statcan.gc.ca (English and French"
        },
        {
            "seg_id": "docx_s205",
            "page": "docx",
            "section": "highlight",
            "text_preview": "Website: www.statcan.gc.ca/NGES"
        },
        {
            "seg_id": "docx_s206",
            "page": "docx",
            "section": "highlight",
            "text_preview": "Nunavut Bureau of Statistics"
        },
        {
            "seg_id": "docx_s207",
            "page": "docx",
            "section": "highlight",
            "text_preview": "Telephone: 1-867-473-2660 (Inuktitut and English) "
        },
        {
            "seg_id": "docx_s208",
            "page": "docx",
            "section": "highlight",
            "text_preview": "Email: statsbureau@gov.nu.ca (Inuktitut and Englis"
        },
        {
            "seg_id": "docx_s209",
            "page": "docx",
            "section": "highlight",
            "text_preview": "Yes, if you enter the survey with your unique secu"
        },
        {
            "seg_id": "docx_s210",
            "page": "docx",
            "section": "highlight",
            "text_preview": "You will be required to create a password."
        },
        {
            "seg_id": "docx_s211",
            "page": "docx",
            "section": "highlight",
            "text_preview": "Further instructions are provided in the questionn"
        },
        {
            "seg_id": "docx_s212",
            "page": "docx",
            "section": "highlight",
            "text_preview": "The NGES collects data from all current Government"
        },
        {
            "seg_id": "docx_s213",
            "page": "docx",
            "section": "highlight",
            "text_preview": "Employees are considered in scope if they are work"
        },
        {
            "seg_id": "docx_s214",
            "page": "docx",
            "section": "highlight",
            "text_preview": "If a respondent does not meet these requirements, "
        },
        {
            "seg_id": "docx_s215",
            "page": "docx",
            "section": "highlight",
            "text_preview": "Out of scope outcome codes are available when the "
        },
        {
            "seg_id": "docx_s216",
            "page": "docx",
            "section": "highlight",
            "text_preview": "The following codes are available:"
        },
        {
            "seg_id": "docx_s217",
            "page": "docx",
            "section": "highlight",
            "text_preview": "320 \u2013 Already interviewed for survey"
        },
        {
            "seg_id": "docx_s218",
            "page": "docx",
            "section": "highlight",
            "text_preview": "321 \u2013 Deceased"
        },
        {
            "seg_id": "docx_s219",
            "page": "docx",
            "section": "highlight",
            "text_preview": "326 \u2013 Not eligible due to age"
        },
        {
            "seg_id": "docx_s220",
            "page": "docx",
            "section": "highlight",
            "text_preview": "369 \u2013 Institutionalized for more than six months"
        },
        {
            "seg_id": "docx_s221",
            "page": "docx",
            "section": "highlight",
            "text_preview": "Due to the nature of the questions asked in this s"
        },
        {
            "seg_id": "docx_s222",
            "page": "docx",
            "section": "highlight",
            "text_preview": "Partial interviews are interviews in which respond"
        },
        {
            "seg_id": "docx_s223",
            "page": "docx",
            "section": "highlight",
            "text_preview": "Be advised that information from partially complet"
        },
        {
            "seg_id": "docx_s224",
            "page": "docx",
            "section": "highlight",
            "text_preview": "Refer to supplementary document presenting the lis"
        },
        {
            "seg_id": "docx_s225",
            "page": "docx",
            "section": "highlight",
            "text_preview": "Common edits"
        },
        {
            "seg_id": "docx_s226",
            "page": "docx",
            "section": "highlight",
            "text_preview": "There are 3 hard edits in the NGES."
        },
        {
            "seg_id": "docx_s227",
            "page": "docx",
            "section": "highlight",
            "text_preview": "These edits are triggered if:"
        },
        {
            "seg_id": "docx_s228",
            "page": "docx",
            "section": "highlight",
            "text_preview": "The respondent does not provide a first and last n"
        },
        {
            "seg_id": "docx_s229",
            "page": "docx",
            "section": "highlight",
            "text_preview": "This hard edit only fires in the Alternate NGES li"
        },
        {
            "seg_id": "docx_s230",
            "page": "docx",
            "section": "highlight",
            "text_preview": "*Note that if accessing the link through the Porta"
        },
        {
            "seg_id": "docx_s231",
            "page": "docx",
            "section": "highlight",
            "text_preview": "The respondent did not provide their date of birth"
        },
        {
            "seg_id": "docx_s232",
            "page": "docx",
            "section": "highlight",
            "text_preview": "This hard edit only fires in the Alternate NGES li"
        },
        {
            "seg_id": "docx_s233",
            "page": "docx",
            "section": "highlight",
            "text_preview": "*Note that if accessing the link through the Porta"
        },
        {
            "seg_id": "docx_s234",
            "page": "docx",
            "section": "highlight",
            "text_preview": "The respondent enters more than three responses in"
        },
        {
            "seg_id": "docx_s235",
            "page": "docx",
            "section": "highlight",
            "text_preview": "A response must be provided to continue with the s"
        },
        {
            "seg_id": "docx_s236",
            "page": "docx",
            "section": "highlight",
            "text_preview": "Glossaire des termes\tA-3"
        },
        {
            "seg_id": "docx_s237",
            "page": "docx",
            "section": "highlight",
            "text_preview": "Adult Basic Education (ABE)"
        },
        {
            "seg_id": "docx_s238",
            "page": "docx",
            "section": "highlight",
            "text_preview": "See High School Equivalency Program"
        },
        {
            "seg_id": "docx_s239",
            "page": "docx",
            "section": "highlight",
            "text_preview": "CEGEP (Coll\u00e8ge d\u2019enseignement g\u00e9n\u00e9ral et professio"
        },
        {
            "seg_id": "docx_s240",
            "page": "docx",
            "section": "highlight",
            "text_preview": "Also written c\u00e9gep, C\u00c9GEP and cegep."
        },
        {
            "seg_id": "docx_s241",
            "page": "docx",
            "section": "highlight",
            "text_preview": "A publicly funded college providing technical, aca"
        },
        {
            "seg_id": "docx_s242",
            "page": "docx",
            "section": "highlight",
            "text_preview": "Confidentiel Information"
        },
        {
            "seg_id": "docx_s243",
            "page": "docx",
            "section": "highlight",
            "text_preview": "This is a term used within Statistics Canada to de"
        },
        {
            "seg_id": "docx_s244",
            "page": "docx",
            "section": "highlight",
            "text_preview": "Information is deemed confidential either because "
        },
        {
            "seg_id": "docx_s245",
            "page": "docx",
            "section": "highlight",
            "text_preview": "Confidentiality"
        },
        {
            "seg_id": "docx_s246",
            "page": "docx",
            "section": "highlight",
            "text_preview": "Confidentiality denotes an implied trust relations"
        },
        {
            "seg_id": "docx_s247",
            "page": "docx",
            "section": "highlight",
            "text_preview": "This relationship is built on the assurance that t"
        },
        {
            "seg_id": "docx_s248",
            "page": "docx",
            "section": "highlight",
            "text_preview": "Under the Statistics Act, information that would i"
        },
        {
            "seg_id": "docx_s249",
            "page": "docx",
            "section": "highlight",
            "text_preview": "Observations and measurements collected during a s"
        },
        {
            "seg_id": "docx_s250",
            "page": "docx",
            "section": "highlight",
            "text_preview": "Facts or figures from which conclusions can be dra"
        },
        {
            "seg_id": "docx_s251",
            "page": "docx",
            "section": "highlight",
            "text_preview": "Data Literacy"
        },
        {
            "seg_id": "docx_s252",
            "page": "docx",
            "section": "highlight",
            "text_preview": "Data literacy is the ability to derive meaningful "
        },
        {
            "seg_id": "docx_s253",
            "page": "docx",
            "section": "highlight",
            "text_preview": "It focuses on the competencies involved in working"
        },
        {
            "seg_id": "docx_s254",
            "page": "docx",
            "section": "highlight",
            "text_preview": "Electronic Questionnaire"
        },
        {
            "seg_id": "docx_s255",
            "page": "docx",
            "section": "highlight",
            "text_preview": "An electronic questionnaire (EQ) is a series of qu"
        },
        {
            "seg_id": "docx_s256",
            "page": "docx",
            "section": "highlight",
            "text_preview": "Frame"
        },
        {
            "seg_id": "docx_s257",
            "page": "docx",
            "section": "highlight",
            "text_preview": "A list, map, or conceptual specification of the un"
        },
        {
            "seg_id": "docx_s258",
            "page": "docx",
            "section": "highlight",
            "text_preview": "For example, a telephone or city directory, or a l"
        },
        {
            "seg_id": "docx_s259",
            "page": "docx",
            "section": "highlight",
            "text_preview": "General Educational Development (GED)"
        },
        {
            "seg_id": "docx_s260",
            "page": "docx",
            "section": "highlight",
            "text_preview": "See High School Equivalency Program"
        },
        {
            "seg_id": "docx_s261",
            "page": "docx",
            "section": "highlight",
            "text_preview": "Hamlet"
        },
        {
            "seg_id": "docx_s262",
            "page": "docx",
            "section": "highlight",
            "text_preview": "A municipal corporation in Nunavut."
        },
        {
            "seg_id": "docx_s263",
            "page": "docx",
            "section": "highlight",
            "text_preview": "A municipality is similarly an \u201carea within the bo"
        },
        {
            "seg_id": "docx_s264",
            "page": "docx",
            "section": "highlight",
            "text_preview": "High School Equivalency Program"
        },
        {
            "seg_id": "docx_s265",
            "page": "docx",
            "section": "highlight",
            "text_preview": "A program for adults to complete high school."
        },
        {
            "seg_id": "docx_s266",
            "page": "docx",
            "section": "highlight",
            "text_preview": "Successful completion demonstrates that they have "
        },
        {
            "seg_id": "docx_s267",
            "page": "docx",
            "section": "highlight",
            "text_preview": "Examples of such programs are General Educational "
        },
        {
            "seg_id": "docx_s268",
            "page": "docx",
            "section": "highlight",
            "text_preview": "Does not include a college or university preparato"
        },
        {
            "seg_id": "docx_s269",
            "page": "docx",
            "section": "highlight",
            "text_preview": "Interview time"
        },
        {
            "seg_id": "docx_s270",
            "page": "docx",
            "section": "highlight",
            "text_preview": "The \u2018interview time\u2019 is the actual amount of time "
        },
        {
            "seg_id": "docx_s271",
            "page": "docx",
            "section": "highlight",
            "text_preview": "Means \u201cpeople\u201d in Inuktitut, the language of Inuit"
        },
        {
            "seg_id": "docx_s272",
            "page": "docx",
            "section": "highlight",
            "text_preview": "Most Inuit live in the Northwest Territories, Nuna"
        },
        {
            "seg_id": "docx_s273",
            "page": "docx",
            "section": "highlight",
            "text_preview": "Inuit Employment Plans (IEP)"
        },
        {
            "seg_id": "docx_s274",
            "page": "docx",
            "section": "highlight",
            "text_preview": "As per Article 23 of the Nunavut Agreement, sectio"
        },
        {
            "seg_id": "docx_s275",
            "page": "docx",
            "section": "highlight",
            "text_preview": "Inuit Societal Values (ISV)"
        },
        {
            "seg_id": "docx_s276",
            "page": "docx",
            "section": "highlight",
            "text_preview": "Set of values which have been committed to by the "
        },
        {
            "seg_id": "docx_s277",
            "page": "docx",
            "section": "highlight",
            "text_preview": "Inuuqatigiitsiarniq (respecting others, relationsh"
        },
        {
            "seg_id": "docx_s278",
            "page": "docx",
            "section": "highlight",
            "text_preview": "Tunnganarniq (fostering good spirit by being open,"
        },
        {
            "seg_id": "docx_s279",
            "page": "docx",
            "section": "highlight",
            "text_preview": "Pijitsirniq (serving and providing for family or c"
        },
        {
            "seg_id": "docx_s280",
            "page": "docx",
            "section": "highlight",
            "text_preview": "Aajiiqatigiinniq (decision making through discussi"
        },
        {
            "seg_id": "docx_s281",
            "page": "docx",
            "section": "highlight",
            "text_preview": "Pilimmaksarniq or Pijariuqsarniq (development of s"
        },
        {
            "seg_id": "docx_s282",
            "page": "docx",
            "section": "highlight",
            "text_preview": "Piliriqatigiinniq or Ikajuqtigiinniq (working toge"
        },
        {
            "seg_id": "docx_s283",
            "page": "docx",
            "section": "highlight",
            "text_preview": "Qanuqtuurniq (being innovative and resourceful); a"
        },
        {
            "seg_id": "docx_s284",
            "page": "docx",
            "section": "highlight",
            "text_preview": "Avatittinnik Kamatsiarniq (respect and care for th"
        },
        {
            "seg_id": "docx_s285",
            "page": "docx",
            "section": "highlight",
            "text_preview": "Inuinnaqtun is a member of the Inuit language fami"
        },
        {
            "seg_id": "docx_s286",
            "page": "docx",
            "section": "highlight",
            "text_preview": "Inuinnaqtun is also recognized as an official lang"
        },
        {
            "seg_id": "docx_s287",
            "page": "docx",
            "section": "highlight",
            "text_preview": "Inuinnaqtun is written in Roman orthography."
        },
        {
            "seg_id": "docx_s288",
            "page": "docx",
            "section": "highlight",
            "text_preview": "The singular form of the word\u00a0Inuit\u00a0(i.e., a perso"
        },
        {
            "seg_id": "docx_s289",
            "page": "docx",
            "section": "highlight",
            "text_preview": "Inuit language written with indigenous syllabics a"
        },
        {
            "seg_id": "docx_s290",
            "page": "docx",
            "section": "highlight",
            "text_preview": "It is recognised as an official language in Nunavu"
        },
        {
            "seg_id": "docx_s291",
            "page": "docx",
            "section": "highlight",
            "text_preview": "Land Claims Beneficiary / Enrolled under a Land Cl"
        },
        {
            "seg_id": "docx_s292",
            "page": "docx",
            "section": "highlight",
            "text_preview": "An Inuk person on the enrolment list of one of the"
        },
        {
            "seg_id": "docx_s293",
            "page": "docx",
            "section": "highlight",
            "text_preview": "This person is entitled to the benefits outlined w"
        },
        {
            "seg_id": "docx_s294",
            "page": "docx",
            "section": "highlight",
            "text_preview": "Inuvialuit Final Agreement"
        },
        {
            "seg_id": "docx_s295",
            "page": "docx",
            "section": "highlight",
            "text_preview": "An agreement that came into effect on July 25, 198"
        },
        {
            "seg_id": "docx_s296",
            "page": "docx",
            "section": "highlight",
            "text_preview": "The agreement defines the Inuvialuit Settlement Re"
        },
        {
            "seg_id": "docx_s297",
            "page": "docx",
            "section": "highlight",
            "text_preview": "Nunavut Agreement (Nunavut Land Claims Agreement)"
        },
        {
            "seg_id": "docx_s298",
            "page": "docx",
            "section": "highlight",
            "text_preview": "Signed on May 25, 1993 by representatives of the T"
        },
        {
            "seg_id": "docx_s299",
            "page": "docx",
            "section": "highlight",
            "text_preview": "This agreement gave the Inuit of the central and e"
        },
        {
            "seg_id": "docx_s300",
            "page": "docx",
            "section": "highlight",
            "text_preview": "It is the largest Aboriginal land claim settlement"
        },
        {
            "seg_id": "docx_s301",
            "page": "docx",
            "section": "highlight",
            "text_preview": "James Bay and Northern Quebec Agreement (Nunavik)"
        },
        {
            "seg_id": "docx_s302",
            "page": "docx",
            "section": "highlight",
            "text_preview": "An agreement that addresses the use, management an"
        },
        {
            "seg_id": "docx_s303",
            "page": "docx",
            "section": "highlight",
            "text_preview": "The agreement was ratified on December 1, 2006."
        },
        {
            "seg_id": "docx_s304",
            "page": "docx",
            "section": "highlight",
            "text_preview": "It came into effect on February 14, 2008."
        },
        {
            "seg_id": "docx_s305",
            "page": "docx",
            "section": "highlight",
            "text_preview": "Labrador Inuit Land Claims Agreement (Nunatsiavut)"
        },
        {
            "seg_id": "docx_s306",
            "page": "docx",
            "section": "highlight",
            "text_preview": "An agreement that serves as a modern-day treaty be"
        },
        {
            "seg_id": "docx_s307",
            "page": "docx",
            "section": "highlight",
            "text_preview": "The Agreement addresses land use, management and o"
        },
        {
            "seg_id": "docx_s308",
            "page": "docx",
            "section": "highlight",
            "text_preview": "The agreement was signed in January 2005 and came "
        },
        {
            "seg_id": "docx_s309",
            "page": "docx",
            "section": "highlight",
            "text_preview": "Margin of error"
        },
        {
            "seg_id": "docx_s310",
            "page": "docx",
            "section": "highlight",
            "text_preview": "In a sample survey, results from the sample are us"
        },
        {
            "seg_id": "docx_s311",
            "page": "docx",
            "section": "highlight",
            "text_preview": "In this process of estimation, some level of error"
        },
        {
            "seg_id": "docx_s312",
            "page": "docx",
            "section": "highlight",
            "text_preview": "The margin of error, a measure used to build confi"
        },
        {
            "seg_id": "docx_s313",
            "page": "docx",
            "section": "highlight",
            "text_preview": "For example, pollsters often say that a certain pe"
        },
        {
            "seg_id": "docx_s314",
            "page": "docx",
            "section": "highlight",
            "text_preview": "To calculate the margin of error, which in this ex"
        },
        {
            "seg_id": "docx_s315",
            "page": "docx",
            "section": "highlight",
            "text_preview": "Master IEP (GN-wide IEP)"
        },
        {
            "seg_id": "docx_s316",
            "page": "docx",
            "section": "highlight",
            "text_preview": "For the Government of Nunavut (GN), the Master Inu"
        },
        {
            "seg_id": "docx_s317",
            "page": "docx",
            "section": "highlight",
            "text_preview": "It informs departmental IEPs and provides support "
        },
        {
            "seg_id": "docx_s318",
            "page": "docx",
            "section": "highlight",
            "text_preview": "Detailed departmental IEPs take their direction fr"
        },
        {
            "seg_id": "docx_s319",
            "page": "docx",
            "section": "highlight",
            "text_preview": "A set of research methods and techniques applied t"
        },
        {
            "seg_id": "docx_s320",
            "page": "docx",
            "section": "highlight",
            "text_preview": "At Statistics Canada, methodology refers to survey"
        },
        {
            "seg_id": "docx_s321",
            "page": "docx",
            "section": "highlight",
            "text_preview": "Micro credential"
        },
        {
            "seg_id": "docx_s322",
            "page": "docx",
            "section": "highlight",
            "text_preview": "A short program consisting of a handful of courses"
        },
        {
            "seg_id": "docx_s323",
            "page": "docx",
            "section": "highlight",
            "text_preview": "Files of records pertaining to individual respondi"
        },
        {
            "seg_id": "docx_s324",
            "page": "docx",
            "section": "highlight",
            "text_preview": "NILFA"
        },
        {
            "seg_id": "docx_s325",
            "page": "docx",
            "section": "highlight",
            "text_preview": "The NILFA refers to the Nunavut Inuit Labour Force"
        },
        {
            "seg_id": "docx_s326",
            "page": "docx",
            "section": "highlight",
            "text_preview": "The NILFA is focused on analyzing the interest, av"
        },
        {
            "seg_id": "docx_s327",
            "page": "docx",
            "section": "highlight",
            "text_preview": "The first NILFA Report was completed in 2018."
        },
        {
            "seg_id": "docx_s328",
            "page": "docx",
            "section": "highlight",
            "text_preview": "NTI"
        },
        {
            "seg_id": "docx_s329",
            "page": "docx",
            "section": "highlight",
            "text_preview": "NTI refers to Nunavut Tunngavik Incorporated, the "
        },
        {
            "seg_id": "docx_s330",
            "page": "docx",
            "section": "highlight",
            "text_preview": "The term means \u201cour land is our future.\u201d This Nuna"
        },
        {
            "seg_id": "docx_s331",
            "page": "docx",
            "section": "highlight",
            "text_preview": "Partner"
        },
        {
            "seg_id": "docx_s332",
            "page": "docx",
            "section": "highlight",
            "text_preview": "Refers to two people of the opposite sex or of the"
        },
        {
            "seg_id": "docx_s333",
            "page": "docx",
            "section": "highlight",
            "text_preview": "Pre-employment training plan"
        },
        {
            "seg_id": "docx_s334",
            "page": "docx",
            "section": "highlight",
            "text_preview": "As per Article 23 of the Nunavut Agreement, sectio"
        },
        {
            "seg_id": "docx_s335",
            "page": "docx",
            "section": "highlight",
            "text_preview": "For the purpose of the 2026 Nunavut Government Emp"
        },
        {
            "seg_id": "docx_s336",
            "page": "docx",
            "section": "highlight",
            "text_preview": "Respondent Electronic Questionnaire (rEQ)"
        },
        {
            "seg_id": "docx_s337",
            "page": "docx",
            "section": "highlight",
            "text_preview": "A data collection method where respondents complet"
        },
        {
            "seg_id": "docx_s338",
            "page": "docx",
            "section": "highlight",
            "text_preview": "Internet-based electronic questionnaire which is a"
        },
        {
            "seg_id": "docx_s339",
            "page": "docx",
            "section": "highlight",
            "text_preview": "Respondent, Responding Unit"
        },
        {
            "seg_id": "docx_s340",
            "page": "docx",
            "section": "highlight",
            "text_preview": "The respondent is the person providing the informa"
        },
        {
            "seg_id": "docx_s341",
            "page": "docx",
            "section": "highlight",
            "text_preview": "In the case of the 2026 Nunavut Government Employe"
        },
        {
            "seg_id": "docx_s342",
            "page": "docx",
            "section": "highlight",
            "text_preview": "Respondent\u2019s length of time to complete the survey"
        },
        {
            "seg_id": "docx_s343",
            "page": "docx",
            "section": "highlight",
            "text_preview": "A \u2018respondent\u2019s length of time to complete the sur"
        },
        {
            "seg_id": "docx_s344",
            "page": "docx",
            "section": "highlight",
            "text_preview": "It is the investment of time a respondent will nee"
        },
        {
            "seg_id": "docx_s345",
            "page": "docx",
            "section": "highlight",
            "text_preview": "For business surveys this can include the time tha"
        },
        {
            "seg_id": "docx_s346",
            "page": "docx",
            "section": "highlight",
            "text_preview": "Examples of where this would apply to social surve"
        },
        {
            "seg_id": "docx_s347",
            "page": "docx",
            "section": "highlight",
            "text_preview": "Sampling"
        },
        {
            "seg_id": "docx_s348",
            "page": "docx",
            "section": "highlight",
            "text_preview": "A means of selecting a subset of units from a targ"
        },
        {
            "seg_id": "docx_s349",
            "page": "docx",
            "section": "highlight",
            "text_preview": "This information is used to draw inferences about "
        },
        {
            "seg_id": "docx_s350",
            "page": "docx",
            "section": "highlight",
            "text_preview": "In the case of the 2026 Nunavut Government Employe"
        },
        {
            "seg_id": "docx_s351",
            "page": "docx",
            "section": "highlight",
            "text_preview": "Staff Housing"
        },
        {
            "seg_id": "docx_s352",
            "page": "docx",
            "section": "highlight",
            "text_preview": "Employer-provided housing for employees that assis"
        },
        {
            "seg_id": "docx_s353",
            "page": "docx",
            "section": "highlight",
            "text_preview": "This can include housing at subsidized rates."
        },
        {
            "seg_id": "docx_s354",
            "page": "docx",
            "section": "highlight",
            "text_preview": "Whole-of-Government IEP"
        },
        {
            "seg_id": "docx_s355",
            "page": "docx",
            "section": "highlight",
            "text_preview": "For the Government of Canada, the Whole-of-Governm"
        },
        {
            "seg_id": "docx_s356",
            "page": "docx",
            "section": "highlight",
            "text_preview": "Individual departmental plans provide details as t"
        }
    ]
}